<!--
  ~ The MIT License (MIT)
  ~
  ~ Copyright (c) 2015-2021 Elior "Mallowigi" Boukhobza
  ~
  ~ Permission is hereby granted, free of charge, to any person obtaining a copy
  ~ of this software and associated documentation files (the "Software"), to deal
  ~ in the Software without restriction, including without limitation the rights
  ~ to use, copy, modify, merge, publish, distribute, sublicense, and/or sell
  ~ copies of the Software, and to permit persons to whom the Software is
  ~ furnished to do so, subject to the following conditions:
  ~
  ~ The above copyright notice and this permission notice shall be included in all
  ~ copies or substantial portions of the Software.
  ~
  ~ THE SOFTWARE IS PROVIDED "AS IS", WITHOUT WARRANTY OF ANY KIND, EXPRESS OR
  ~ IMPLIED, INCLUDING BUT NOT LIMITED TO THE WARRANTIES OF MERCHANTABILITY,
  ~ FITNESS FOR A PARTICULAR PURPOSE AND NONINFRINGEMENT. IN NO EVENT SHALL THE
  ~ AUTHORS OR COPYRIGHT HOLDERS BE LIABLE FOR ANY CLAIM, DAMAGES OR OTHER
  ~ LIABILITY, WHETHER IN AN ACTION OF CONTRACT, TORT OR OTHERWISE, ARISING FROM,
  ~ OUT OF OR IN CONNECTION WITH THE SOFTWARE OR THE USE OR OTHER DEALINGS IN THE
  ~ SOFTWARE.
  ~
  ~
  -->

<scheme name="GitHub Dark (Material)" version="142" parent_scheme="Darcula">
    <option name="FONT_SCALE" value="1.0" />
    <metaInfo>
        <property name="created">2020-12-04T11:56:45</property>
        <property name="ide">idea</property>
        <property name="ideVersion">2020.1.0.0</property>
        <property name="modified">2020-04-18T11:14:57</property>
        <property name="originalScheme">GitHub Dark (Material)</property>
    </metaInfo>
    <option name="LINE_SPACING" value="1.4" />
    <font>
        <option name="EDITOR_FONT_NAME" value="Menlo" />
        <option name="EDITOR_FONT_SIZE" value="12" />
    </font>
    <font>
        <option name="EDITOR_FONT_NAME" value="Fira Code" />
        <option name="EDITOR_FONT_SIZE" value="12" />
    </font>
    <console-font>
        <option name="EDITOR_FONT_NAME" value="Menlo" />
        <option name="EDITOR_FONT_SIZE" value="12" />
    </console-font>
    <console-font>
        <option name="EDITOR_FONT_NAME" value="Fira Code" />
        <option name="EDITOR_FONT_SIZE" value="12" />
    </console-font>
    <colors>
        <option name="ADDED_LINES_COLOR" value="28a745" />
        <option name="ANNOTATIONS_COLOR" value="fafbfc" />
        <option name="CARET_COLOR" value="c8e1ff" />
        <option name="CARET_ROW_COLOR" value="2b3036" />
        <option name="CONSOLE_BACKGROUND_KEY" value="24292e" />
        <option name="DELETED_LINES_COLOR" value="ea4a5a" />
        <option name="DIAGRAM_ANNOTATION_EDGE" value="b392f0" />
        <option name="DIAGRAM_DEFAULT_EDGE" value="e1e4e8" />
        <option name="DIAGRAM_GENERALIZATION_EDGE" value="ffab70" />
        <option name="DIAGRAM_INNER_EDGE" value="79b8ff" />
        <option name="DIAGRAM_NODE_BACKGROUND" value="24292e" />
        <option name="DIAGRAM_NODE_HEADER" value="444d56" />
        <option name="DIAGRAM_NOTE_BACKGROUND" value="24292e" />
        <option name="DIAGRAM_NOTE_BORDER" value="e1e4e8" />
        <option name="DIAGRAM_REALIZATION_EDGE" value="f97583" />
        <option name="DIFF_SEPARATORS_BACKGROUND" value="2f363d" />
        <option name="DOCUMENTATION_COLOR" value="24292e" />
        <option name="DOC_COMMENT_GUIDE" value="959da5" />
        <option name="DOC_COMMENT_LINK" value="79b8ff" />
        <option name="FILESTATUS_ADDED" value="85e89d" />
        <option name="FILESTATUS_DELETED" value="959da5" />
        <option name="FILESTATUS_HIJACKED" value="959da5" />
        <option name="FILESTATUS_IDEA_FILESTATUS_DELETED_FROM_FILE_SYSTEM" value="959da5" />
        <option name="FILESTATUS_IDEA_FILESTATUS_IGNORED" value="dbedff" />
        <option name="FILESTATUS_IDEA_FILESTATUS_MERGED_WITH_BOTH_CONFLICTS" value="f97583" />
        <option name="FILESTATUS_IDEA_FILESTATUS_MERGED_WITH_CONFLICTS" value="f97583" />
        <option name="FILESTATUS_IDEA_FILESTATUS_MERGED_WITH_PROPERTY_CONFLICTS" value="f97583" />
        <option name="FILESTATUS_IGNORE.PROJECT_VIEW.IGNORED" value="dbedff" />
        <option name="FILESTATUS_MERGED" value="b392f0" />
        <option name="FILESTATUS_MODIFIED" value="79b8ff" />
        <option name="FILESTATUS_NOT_CHANGED_IMMEDIATE" value="79b8ff" />
        <option name="FILESTATUS_NOT_CHANGED_RECURSIVE" value="79b8ff" />
        <option name="FILESTATUS_OBSOLETE" value="959da5" />
        <option name="FILESTATUS_SWITCHED" value="ffab70" />
        <option name="FILESTATUS_UNKNOWN" value="ffab70" />
        <option name="FILESTATUS_addedOutside" value="85e89d" />
        <option name="FILESTATUS_changelistConflict" value="f97583" />
        <option name="FILESTATUS_modifiedOutside" value="b392f0" />
        <option name="FOLDED_TEXT_BORDER_COLOR" value="282e33" />
        <option name="GUTTER_BACKGROUND" value="23292f" />
        <option name="INDENT_GUIDE" value="2f363d" />
        <option name="INFORMATION_HINT" value="24292e" />
        <option name="INLINE_REFACTORING_SETTINGS_DEFAULT" value="2f363d" />
        <option name="INLINE_REFACTORING_SETTINGS_FOCUSED" value="444d56" />
        <option name="INLINE_REFACTORING_SETTINGS_HOVERED" value="444d56" />
        <option name="LINE_NUMBERS_COLOR" value="444d56" />
        <option name="LINE_NUMBER_ON_CARET_ROW_COLOR" value="e1e4e8" />
        <option name="METHOD_SEPARATORS_COLOR" value="586069" />
        <option name="MODIFIED_LINES_COLOR" value="2188ff" />
        <option name="MODIFIED_TAB_ICON" value="f9826c" />
        <option name="NOTIFICATION_BACKGROUND" value="32f62" />
        <option name="PROMOTION_PANE" value="24292e" />
        <option name="QUESTION_HINT" value="5264c" />
        <option name="READONLY_FRAGMENT_BACKGROUND" value="2f363d" />
        <option name="RECENT_LOCATIONS_SELECTION" value="24292e" />
        <option name="RIGHT_MARGIN_COLOR" value="2f363d" />
        <option name="SELECTED_INDENT_GUIDE" value="444d56" />
        <option name="SELECTED_TEARLINE_COLOR" value="22374b" />
        <option name="SELECTION_BACKGROUND" value="22374b" />
        <option name="SELECTION_FOREGROUND" value="ffffff" />
        <option name="SEPARATOR_ABOVE_COLOR" value="444d56" />
        <option name="SEPARATOR_BELOW_COLOR" value="444d56" />
        <option name="SOFT_WRAP_SIGN_COLOR" value="444d56" />
        <option name="ScrollBar.Mac.Transparent.hoverThumbColor" value="f9826cc0" />
        <option name="ScrollBar.Mac.Transparent.hoverTrackColor" value="23292f" />
        <option name="ScrollBar.Mac.Transparent.thumbColor" value="f9826c80" />
        <option name="ScrollBar.Mac.Transparent.trackColor" value="23292f" />
        <option name="ScrollBar.Mac.hoverThumbColor" value="f9826c" />
        <option name="ScrollBar.Mac.hoverTrackColor" value="23292f" />
        <option name="ScrollBar.Mac.thumbColor" value="f9826cc0" />
        <option name="ScrollBar.Mac.trackColor" value="23292f" />
        <option name="ScrollBar.Transparent.hoverThumbColor" value="f9826c80" />
        <option name="ScrollBar.Transparent.hoverTrackColor" value="23292f" />
        <option name="ScrollBar.Transparent.thumbColor" value="f9826cc0" />
        <option name="ScrollBar.Transparent.trackColor" value="23292f" />
        <option name="ScrollBar.hoverThumbColor" value="f9826c" />
        <option name="ScrollBar.hoverTrackColor" value="23292f" />
        <option name="ScrollBar.thumbColor" value="f9826cc0" />
        <option name="ScrollBar.trackColor" value="23292f" />
        <option name="TAB_UNDERLINE" value="f9826c" />
        <option name="TAB_UNDERLINE_INACTIVE" value="f9826c80" />
        <option name="TEARLINE_COLOR" value="2f363d" />
        <option name="TOOLTIP" value="24292e" />
        <option name="VCS_ANNOTATIONS_COLOR_1" value="5264c" />
        <option name="VCS_ANNOTATIONS_COLOR_2" value="144620" />
        <option name="VCS_ANNOTATIONS_COLOR_3" value="735c0f" />
        <option name="VCS_ANNOTATIONS_COLOR_4" value="29134e" />
        <option name="VCS_ANNOTATIONS_COLOR_5" value="6d224f" />
        <option name="VISUAL_INDENT_GUIDE" value="2f363d" />
        <option name="WHITESPACES" value="444d56" />
        <option name="WHITESPACES_MODIFIED_LINES_COLOR" value="444d56" />
    </colors>
    <attributes>
        <option name="ANGLE_BRACKETS_RAINBOW_COLOR0">
            <value>
                <option name="FOREGROUND" value="f97583" />
            </value>
        </option>
        <option name="ANGLE_BRACKETS_RAINBOW_COLOR1">
            <value>
                <option name="FOREGROUND" value="ffab70" />
            </value>
        </option>
        <option name="ANGLE_BRACKETS_RAINBOW_COLOR2">
            <value>
                <option name="FOREGROUND" value="79b8ff" />
            </value>
        </option>
        <option name="ANGLE_BRACKETS_RAINBOW_COLOR3">
            <value>
                <option name="FOREGROUND" value="b392f0" />
            </value>
        </option>
        <option name="ANGLE_BRACKETS_RAINBOW_COLOR4">
            <value>
                <option name="FOREGROUND" value="dbedff" />
            </value>
        </option>
        <option name="ANNOTATION_ATTRIBUTE_NAME_ATTRIBUTES">
            <value>
                <option name="FOREGROUND" value="ffab70" />
            </value>
        </option>
        <option name="ANNOTATION_NAME_ATTRIBUTES">
            <value>
                <option name="FOREGROUND" value="f97583" />
            </value>
        </option>
        <option name="BACKGROUND">
            <value />
        </option>
        <option name="BAD_CHARACTER">
            <value>
                <option name="EFFECT_COLOR" value="fdaeb7" />
                <option name="ERROR_STRIPE_COLOR" value="fdaeb7" />
                <option name="EFFECT_TYPE" value="2" />
            </value>
        </option>
        <option name="BASH.FUNCTION_CALL" baseAttributes="DEFAULT_FUNCTION_CALL" />
        <option name="BASH.FUNCTION_DEF_NAME" baseAttributes="DEFAULT_FUNCTION_DECLARATION" />
        <option name="BASH.HERE_DOC" baseAttributes="DEFAULT_STRING" />
        <option name="BASH.INTERNAL_COMMAND">
            <value>
                <option name="FOREGROUND" value="b392f0" />
                <option name="FONT_TYPE" value="2" />
            </value>
        </option>
        <option name="BASH.REDIRECTION" baseAttributes="DEFAULT_OPERATION_SIGN" />
        <option name="BASH.SHEBANG" baseAttributes="BASH.LINE_COMMENT" />
        <option name="BOOKMARKS_ATTRIBUTES">
            <value>
                <option name="EFFECT_COLOR" value="fafbfc" />
            </value>
        </option>
        <option name="BREADCRUMBS_CURRENT">
            <value>
                <option name="FOREGROUND" value="e1e4e8" />
                <option name="BACKGROUND" value="444d56" />
            </value>
        </option>
        <option name="BREADCRUMBS_DEFAULT">
            <value>
                <option name="FOREGROUND" value="e1e4e8" />
                <option name="BACKGROUND" value="2b3036" />
            </value>
        </option>
        <option name="BREADCRUMBS_HOVERED">
            <value>
                <option name="FOREGROUND" value="d1d5da" />
                <option name="BACKGROUND" value="2188ff" />
            </value>
        </option>
        <option name="BREADCRUMBS_INACTIVE">
            <value>
                <option name="FOREGROUND" value="6c737c" />
                <option name="BACKGROUND" value="2b3036" />
            </value>
        </option>
        <option name="BREAKPOINT_ATTRIBUTES">
            <value>
                <option name="BACKGROUND" value="4b1515" />
            </value>
        </option>
        <option name="CODE_LENS_BORDER_COLOR">
            <value>
                <option name="EFFECT_COLOR" value="444d56" />
            </value>
        </option>
        <option name="COFFEESCRIPT.FUNCTION_NAME" baseAttributes="DEFAULT_FUNCTION_DECLARATION" />
        <option name="CONSOLE_BLACK_OUTPUT">
            <value>
                <option name="FOREGROUND" value="e1e4e8" />
            </value>
        </option>
        <option name="CONSOLE_BLUE_OUTPUT">
            <value>
                <option name="FOREGROUND" value="79b8ff" />
            </value>
        </option>
        <option name="CONSOLE_CYAN_OUTPUT">
            <value>
                <option name="FOREGROUND" value="c8e1ff" />
            </value>
        </option>
        <option name="CONSOLE_DARKGRAY_OUTPUT">
            <value>
                <option name="FOREGROUND" value="444d56" />
            </value>
        </option>
        <option name="CONSOLE_ERROR_OUTPUT">
            <value>
                <option name="FOREGROUND" value="fdaeb7" />
            </value>
        </option>
        <option name="CONSOLE_GRAY_OUTPUT">
            <value>
                <option name="FOREGROUND" value="959da5" />
            </value>
        </option>
        <option name="CONSOLE_GREEN_OUTPUT">
            <value>
                <option name="FOREGROUND" value="85e89d" />
            </value>
        </option>
        <option name="CONSOLE_MAGENTA_OUTPUT">
            <value>
                <option name="FOREGROUND" value="b392f0" />
            </value>
        </option>
        <option name="CONSOLE_NORMAL_OUTPUT">
            <value>
                <option name="FOREGROUND" value="e1e4e8" />
            </value>
        </option>
        <option name="CONSOLE_RANGE_TO_EXECUTE">
            <value>
                <option name="EFFECT_COLOR" value="735c0f" />
            </value>
        </option>
        <option name="CONSOLE_RED_OUTPUT">
            <value>
                <option name="FOREGROUND" value="f97583" />
            </value>
        </option>
        <option name="CONSOLE_SYSTEM_OUTPUT">
            <value>
                <option name="FOREGROUND" value="e1e4e8" />
                <option name="FONT_TYPE" value="2" />
            </value>
        </option>
        <option name="CONSOLE_USER_INPUT">
            <value>
                <option name="FOREGROUND" value="c8e1ff" />
            </value>
        </option>
        <option name="CONSOLE_YELLOW_OUTPUT">
            <value>
                <option name="FOREGROUND" value="ffea7f" />
            </value>
        </option>
        <option name="CSS$CLASS_NAME">
            <value>
                <option name="FOREGROUND" value="ffffff" />
            </value>
        </option>
        <option name="CSS$FUNCTION">
            <value>
                <option name="FOREGROUND" value="b392f0" />
            </value>
        </option>
        <option name="CSS$HASH">
            <value>
                <option name="FOREGROUND" value="ffffff" />
            </value>
        </option>
        <option name="CSS$IDENT">
            <value>
                <option name="FOREGROUND" value="ffffff" />
            </value>
        </option>
        <option name="CSS$PROPERTY_NAME">
            <value>
                <option name="FOREGROUND" value="ffffff" />
            </value>
        </option>
        <option name="CSS$PSEUDO">
            <value>
                <option name="FOREGROUND" value="ffffff" />
            </value>
        </option>
        <option name="CSS$TAG_NAME">
            <value>
                <option name="FOREGROUND" value="ffffff" />
            </value>
        </option>
        <option name="CSS.COLOR">
            <value>
                <option name="FOREGROUND" value="79b8ff" />
            </value>
        </option>
        <option name="CSS.FUNCTION">
            <value>
                <option name="FOREGROUND" value="79b8ff" />
            </value>
        </option>
        <option name="CSS.IDENT">
            <value>
                <option name="FOREGROUND" value="b392f0" />
            </value>
        </option>
        <option name="CSS.IMPORTANT">
            <value>
                <option name="FOREGROUND" value="f97583" />
            </value>
        </option>
        <option name="CSS.PROPERTY_NAME">
            <value>
                <option name="FOREGROUND" value="79b8ff" />
            </value>
        </option>
        <option name="CSS.UNICODE.RANGE">
            <value>
                <option name="FOREGROUND" value="79b8ff" />
            </value>
        </option>
        <option name="CSS.URL">
            <value>
                <option name="FOREGROUND" value="ffab70" />
                <option name="EFFECT_COLOR" value="ffab70" />
                <option name="EFFECT_TYPE" value="1" />
            </value>
        </option>
        <option name="CTRL_CLICKABLE">
            <value>
                <option name="FOREGROUND" value="79b8ff" />
                <option name="EFFECT_COLOR" value="79b8ff" />
                <option name="EFFECT_TYPE" value="1" />
            </value>
        </option>
        <option name="CUSTOM_INVALID_STRING_ESCAPE_ATTRIBUTES" baseAttributes="DEFAULT_INVALID_STRING_ESCAPE" />
        <option name="CUSTOM_KEYWORD1_ATTRIBUTES">
            <value>
                <option name="FOREGROUND" value="f97583" />
            </value>
        </option>
        <option name="CUSTOM_KEYWORD2_ATTRIBUTES">
            <value>
                <option name="FOREGROUND" value="79b8ff" />
            </value>
        </option>
        <option name="CUSTOM_KEYWORD3_ATTRIBUTES">
            <value>
                <option name="FOREGROUND" value="85e89d" />
            </value>
        </option>
        <option name="CUSTOM_KEYWORD4_ATTRIBUTES">
            <value>
                <option name="FOREGROUND" value="b392f0" />
            </value>
        </option>
        <option name="CUSTOM_LINE_COMMENT_ATTRIBUTES" baseAttributes="DEFAULT_LINE_COMMENT" />
        <option name="CUSTOM_MULTI_LINE_COMMENT_ATTRIBUTES" baseAttributes="DEFAULT_BLOCK_COMMENT" />
        <option name="CUSTOM_NUMBER_ATTRIBUTES" baseAttributes="DEFAULT_NUMBER" />
        <option name="CUSTOM_STRING_ATTRIBUTES" baseAttributes="DEFAULT_STRING" />
        <option name="CUSTOM_VALID_STRING_ESCAPE_ATTRIBUTES" baseAttributes="DEFAULT_VALID_STRING_ESCAPE" />
        <option name="Class">
            <value>
                <option name="FOREGROUND" value="b392f0" />
            </value>
        </option>
        <option name="Closure braces">
            <value />
        </option>
        <option name="DEBUGGER_INLINED_VALUES">
            <value>
                <option name="FOREGROUND" value="dbedff" />
            </value>
        </option>
        <option name="DEBUGGER_INLINED_VALUES_MODIFIED">
            <value>
                <option name="FOREGROUND" value="dbedff" />
            </value>
        </option>
        <option name="DEFAULT_ATTRIBUTE">
            <value>
                <option name="FOREGROUND" value="b392f0" />
            </value>
        </option>
        <option name="DEFAULT_BLOCK_COMMENT">
            <value>
                <option name="FOREGROUND" value="959da5" />
                <option name="FONT_TYPE" value="2" />
            </value>
        </option>
        <option name="DEFAULT_BRACES">
            <value />
        </option>
        <option name="DEFAULT_BRACKETS">
            <value />
        </option>
        <option name="DEFAULT_CLASS_NAME">
            <value>
                <option name="FOREGROUND" value="b392f0" />
            </value>
        </option>
        <option name="DEFAULT_CLASS_REFERENCE">
            <value>
                <option name="FOREGROUND" value="b392f0" />
            </value>
        </option>
        <option name="DEFAULT_COMMA">
            <value />
        </option>
        <option name="DEFAULT_CONSTANT">
            <value>
                <option name="FOREGROUND" value="79b8ff" />
            </value>
        </option>
        <option name="DEFAULT_DOC_COMMENT">
            <value>
                <option name="FOREGROUND" value="959da5" />
                <option name="FONT_TYPE" value="2" />
            </value>
        </option>
        <option name="DEFAULT_DOC_COMMENT_TAG">
            <value>
                <option name="FOREGROUND" value="f97583" />
            </value>
        </option>
        <option name="DEFAULT_DOC_COMMENT_TAG_VALUE">
            <value>
                <option name="FOREGROUND" value="959da5" />
                <option name="FONT_TYPE" value="3" />
            </value>
        </option>
        <option name="DEFAULT_DOC_MARKUP">
            <value>
                <option name="FOREGROUND" value="959da5" />
            </value>
        </option>
        <option name="DEFAULT_DOT">
            <value />
        </option>
        <option name="DEFAULT_ENTITY">
            <value>
                <option name="FOREGROUND" value="79b8ff" />
            </value>
        </option>
        <option name="DEFAULT_FUNCTION_CALL">
            <value>
                <option name="FOREGROUND" value="b392f0" />
            </value>
        </option>
        <option name="DEFAULT_FUNCTION_DECLARATION">
            <value>
                <option name="FOREGROUND" value="b392f0" />
            </value>
        </option>
        <option name="DEFAULT_GLOBAL_VARIABLE">
            <value>
                <option name="FOREGROUND" value="d1d5da" />
            </value>
        </option>
        <option name="DEFAULT_HIGHLIGHTED_REFERENCE">
            <value>
                <option name="BACKGROUND" value="2f363d" />
                <option name="EFFECT_TYPE" value="1" />
            </value>
        </option>
        <option name="DEFAULT_IDENTIFIER">
            <value>
                <option name="FOREGROUND" value="d1d5da" />
                <option name="BACKGROUND" value="24292e" />
            </value>
        </option>
        <option name="DEFAULT_INSTANCE_FIELD" baseAttributes="DEFAULT_IDENTIFIER" />
        <option name="DEFAULT_INTERFACE_NAME">
            <value>
                <option name="FOREGROUND" value="b392f0" />
                <option name="FONT_TYPE" value="2" />
            </value>
        </option>
        <option name="DEFAULT_INVALID_STRING_ESCAPE">
            <value>
                <option name="EFFECT_COLOR" value="f97583" />
                <option name="ERROR_STRIPE_COLOR" value="f97583" />
                <option name="EFFECT_TYPE" value="2" />
            </value>
        </option>
        <option name="DEFAULT_KEYWORD">
            <value>
                <option name="FOREGROUND" value="f97583" />
            </value>
        </option>
        <option name="DEFAULT_LABEL">
            <value>
                <option name="FOREGROUND" value="79b8ff" />
            </value>
        </option>
        <option name="DEFAULT_LINE_COMMENT">
            <value>
                <option name="FOREGROUND" value="959da5" />
            </value>
        </option>
        <option name="DEFAULT_LOCAL_VARIABLE">
            <value>
                <option name="FOREGROUND" value="79b8ff" />
            </value>
        </option>
        <option name="DEFAULT_METADATA">
            <value>
                <option name="FOREGROUND" value="f97583" />
            </value>
        </option>
        <option name="DEFAULT_NUMBER">
            <value>
                <option name="FOREGROUND" value="79b8ff" />
            </value>
        </option>
        <option name="DEFAULT_OPERATION_SIGN">
            <value>
                <option name="FOREGROUND" value="f97583" />
            </value>
        </option>
        <option name="DEFAULT_PARAMETER">
            <value>
                <option name="FOREGROUND" value="ffab70" />
            </value>
        </option>
        <option name="DEFAULT_PARENTHS">
            <value />
        </option>
        <option name="DEFAULT_PREDEFINED_SYMBOL">
            <value>
                <option name="FOREGROUND" value="79b8ff" />
            </value>
        </option>
        <option name="DEFAULT_REASSIGNED_LOCAL_VARIABLE" baseAttributes="DEFAULT_LOCAL_VARIABLE" />
        <option name="DEFAULT_REASSIGNED_PARAMETER" baseAttributes="DEFAULT_PARAMETER" />
        <option name="DEFAULT_SEMICOLON">
            <value />
        </option>
        <option name="DEFAULT_STATIC_FIELD">
            <value>
                <option name="FOREGROUND" value="fafbfc" />
                <option name="FONT_TYPE" value="2" />
            </value>
        </option>
        <option name="DEFAULT_STATIC_METHOD">
            <value>
                <option name="FOREGROUND" value="b392f0" />
                <option name="FONT_TYPE" value="2" />
            </value>
        </option>
        <option name="DEFAULT_STRING">
            <value>
                <option name="FOREGROUND" value="9ecbff" />
            </value>
        </option>
        <option name="DEFAULT_TAG">
            <value>
                <option name="FOREGROUND" value="f97583" />
            </value>
        </option>
        <option name="DEFAULT_TEMPLATE_LANGUAGE_COLOR">
            <value>
                <option name="BACKGROUND" value="444d56" />
            </value>
        </option>
        <option name="DEFAULT_VALID_STRING_ESCAPE">
            <value>
                <option name="FOREGROUND" value="9ecbff" />
            </value>
        </option>
        <option name="DELETED_TEXT_ATTRIBUTES">
            <value>
                <option name="FOREGROUND" value="d1d5da" />
                <option name="EFFECT_COLOR" value="d1d5da" />
                <option name="EFFECT_TYPE" value="3" />
            </value>
        </option>
        <option name="DEPRECATED_ATTRIBUTES">
            <value>
                <option name="FOREGROUND" value="6a737d" />
                <option name="EFFECT_COLOR" value="6a737d" />
                <option name="EFFECT_TYPE" value="3" />
            </value>
        </option>
        <option name="DIFF_CONFLICT">
            <value>
                <option name="BACKGROUND" value="9e1c23" />
                <option name="ERROR_STRIPE_COLOR" value="f97583" />
            </value>
        </option>
        <option name="DIFF_DELETED">
            <value>
                <option name="BACKGROUND" value="444d56" />
                <option name="ERROR_STRIPE_COLOR" value="444d56" />
            </value>
        </option>
        <option name="DIFF_INSERTED">
            <value>
                <option name="BACKGROUND" value="165c26" />
                <option name="ERROR_STRIPE_COLOR" value="165c26" />
            </value>
        </option>
        <option name="DIFF_MODIFIED">
            <value>
                <option name="BACKGROUND" value="044289" />
                <option name="ERROR_STRIPE_COLOR" value="044289" />
            </value>
        </option>
        <option name="DUPLICATE_FROM_SERVER">
            <value>
                <option name="EFFECT_COLOR" value="959da5" />
                <option name="EFFECT_TYPE" value="2" />
            </value>
        </option>
        <option name="ELIXIR_ALIAS" baseAttributes="DEFAULT_CLASS_NAME" />
        <option name="ELIXIR_BRACES" baseAttributes="DEFAULT_BRACES" />
        <option name="ELIXIR_BRACKET" baseAttributes="DEFAULT_BRACKETS" />
        <option name="ELIXIR_CALLBACK" baseAttributes="ELIXIR_SPECIFICATION" />
        <option name="ELIXIR_CHAR_LIST" baseAttributes="DEFAULT_STRING" />
        <option name="ELIXIR_CHAR_TOKEN" baseAttributes="DEFAULT_ENTITY" />
        <option name="ELIXIR_DOT" baseAttributes="DEFAULT_DOT" />
        <option name="ELIXIR_EXPRESSION_SUBSTITUTION_MARK" baseAttributes="DEFAULT_BRACES" />
        <option name="ELIXIR_FUNCTION_CALL" baseAttributes="DEFAULT_FUNCTION_CALL" />
        <option name="ELIXIR_IGNORED_VARIABLE" baseAttributes="ELIXIR_VARIABLE" />
        <option name="ELIXIR_MACRO_CALL" baseAttributes="ELIXIR_FUNCTION_CALL" />
        <option name="ELIXIR_MAP" baseAttributes="DEFAULT_BRACES" />
        <option name="ELIXIR_OPERATION_SIGN" baseAttributes="DEFAULT_OPERATION_SIGN" />
        <option name="ELIXIR_PARAMETER" baseAttributes="DEFAULT_PARAMETER" />
        <option name="ELIXIR_PARENTHESES" baseAttributes="DEFAULT_PARENTHS" />
        <option name="ELIXIR_PREDEFINED" baseAttributes="DEFAULT_PREDEFINED_SYMBOL" />
        <option name="ELIXIR_SIGIL" baseAttributes="DEFAULT_TEMPLATE_LANGUAGE_COLOR" />
        <option name="ELIXIR_SPECIFICATION" baseAttributes="DEFAULT_FUNCTION_DECLARATION" />
        <option name="ELIXIR_STRUCT" baseAttributes="ELIXIR_MAP" />
        <option name="ELIXIR_TYPE" baseAttributes="DEFAULT_METADATA" />
        <option name="ELIXIR_TYPE_PARAMETER" baseAttributes="DEFAULT_PARAMETER" />
        <option name="ELIXIR_VALID_ESCAPE_SEQUENCE" baseAttributes="DEFAULT_VALID_STRING_ESCAPE" />
        <option name="ELIXIR_VARIABLE" baseAttributes="DEFAULT_LOCAL_VARIABLE" />
        <option name="EL_BACKGROUND">
            <value />
        </option>
        <option name="ERL_ATOM" baseAttributes="DEFAULT_IDENTIFIER" />
        <option name="ERL_MACRO" baseAttributes="DEFAULT_STATIC_FIELD" />
        <option name="ERL_RECORDS" baseAttributes="DEFAULT_INSTANCE_FIELD" />
        <option name="ERL_VARIABLES" baseAttributes="DEFAULT_GLOBAL_VARIABLE" />
        <option name="ERRORS_ATTRIBUTES">
            <value>
                <option name="EFFECT_COLOR" value="f97583" />
                <option name="ERROR_STRIPE_COLOR" value="f97583" />
                <option name="EFFECT_TYPE" value="2" />
            </value>
        </option>
        <option name="EXECUTIONPOINT_ATTRIBUTES">
            <value>
                <option name="BACKGROUND" value="176f2c" />
            </value>
        </option>
        <option name="FOLDED_TEXT_ATTRIBUTES">
            <value>
                <option name="BACKGROUND" value="282e33" />
            </value>
        </option>
        <option name="FOLLOWED_HYPERLINK_ATTRIBUTES">
            <value>
                <option name="FOREGROUND" value="b392f0" />
                <option name="EFFECT_COLOR" value="b392f0" />
                <option name="EFFECT_TYPE" value="1" />
            </value>
        </option>
        <option name="GENERIC_SERVER_ERROR_OR_WARNING">
            <value>
                <option name="EFFECT_COLOR" value="85e89d" />
                <option name="ERROR_STRIPE_COLOR" value="85e89d" />
                <option name="EFFECT_TYPE" value="2" />
            </value>
        </option>
        <option name="GHERKIN_OUTLINE_PARAMETER_SUBSTITUTION" baseAttributes="DEFAULT_INSTANCE_FIELD" />
        <option name="GHERKIN_PYSTRING" baseAttributes="DEFAULT_STRING" />
        <option name="GHERKIN_REGEXP_PARAMETER" baseAttributes="DEFAULT_PARAMETER" />
        <option name="GIT_TOOLBOX.CHANGED_COUNT_ATTRIBUTES">
            <value>
                <option name="FOREGROUND" value="ffab70" />
                <option name="FONT_TYPE" value="1" />
            </value>
        </option>
        <option name="GIT_TOOLBOX.EDITOR_INLINE_BLAME_ATTRIBUTES">
            <value>
                <option name="FOREGROUND" value="959da5" />
                <option name="FONT_TYPE" value="2" />
            </value>
        </option>
        <option name="GIT_TOOLBOX.HEAD_TAGS_ATTRIBUTES">
            <value>
                <option name="FOREGROUND" value="c8e1ff" />
                <option name="FONT_TYPE" value="1" />
            </value>
        </option>
        <option name="GIT_TOOLBOX.LOCAL_BRANCH_ATTRIBUTES">
            <value>
                <option name="FOREGROUND" value="f97583" />
                <option name="FONT_TYPE" value="1" />
            </value>
        </option>
        <option name="GIT_TOOLBOX.REMOTE_BRANCH_ATTRIBUTES">
            <value>
                <option name="FOREGROUND" value="b392f0" />
                <option name="FONT_TYPE" value="1" />
            </value>
        </option>
        <option name="GIT_TOOLBOX.STATUS_ATTRIBUTES">
            <value>
                <option name="FOREGROUND" value="79b8ff" />
                <option name="FONT_TYPE" value="1" />
            </value>
        </option>
        <option name="GO_BLOCK_COMMENT">
            <value>
                <option name="FOREGROUND" value="959da5" />
                <option name="FONT_TYPE" value="2" />
            </value>
        </option>
        <option name="GO_BUILTIN_CONSTANT">
            <value>
                <option name="FOREGROUND" value="79b8ff" />
            </value>
        </option>
        <option name="GO_BUILTIN_FUNCTION_CALL">
            <value>
                <option name="FOREGROUND" value="b392f0" />
                <option name="FONT_TYPE" value="2" />
            </value>
        </option>
        <option name="GO_BUILTIN_TYPE_REFERENCE">
            <value>
                <option name="FOREGROUND" value="b392f0" />
            </value>
        </option>
        <option name="GO_BUILTIN_VARIABLE">
            <value>
                <option name="FOREGROUND" value="f97583" />
            </value>
        </option>
        <option name="GO_EXPORTED_FUNCTION">
            <value>
                <option name="FOREGROUND" value="b392f0" />
                <option name="FONT_TYPE" value="2" />
            </value>
        </option>
        <option name="GO_EXPORTED_FUNCTION_CALL">
            <value>
                <option name="FOREGROUND" value="b392f0" />
            </value>
        </option>
        <option name="GO_KEYWORD">
            <value>
                <option name="FOREGROUND" value="f97583" />
            </value>
        </option>
        <option name="GO_LINE_COMMENT">
            <value>
                <option name="FOREGROUND" value="959da5" />
            </value>
        </option>
        <option name="GO_LOCAL_CONSTANT">
            <value>
                <option name="FOREGROUND" value="79b8ff" />
            </value>
        </option>
        <option name="GO_LOCAL_FUNCTION">
            <value>
                <option name="FOREGROUND" value="b392f0" />
            </value>
        </option>
        <option name="GO_LOCAL_FUNCTION_CALL">
            <value>
                <option name="FOREGROUND" value="b392f0" />
            </value>
        </option>
        <option name="GO_PACKAGE">
            <value>
                <option name="FOREGROUND" value="b392f0" />
            </value>
        </option>
        <option name="GO_PACKAGE_EXPORTED_CONSTANT">
            <value>
                <option name="FOREGROUND" value="79b8ff" />
                <option name="FONT_TYPE" value="2" />
            </value>
        </option>
        <option name="GO_PACKAGE_LOCAL_CONSTANT">
            <value>
                <option name="FOREGROUND" value="79b8ff" />
            </value>
        </option>
        <option name="GO_TYPE_REFERENCE">
            <value>
                <option name="FOREGROUND" value="b392f0" />
            </value>
        </option>
        <option name="GROOVY_KEYWORD">
            <value>
                <option name="FOREGROUND" value="f97583" />
            </value>
        </option>
        <option name="Groovy method declaration" baseAttributes="METHOD_DECLARATION_ATTRIBUTES" />
        <option name="HAML_ID">
            <value>
                <option name="FOREGROUND" value="85e89d" />
            </value>
        </option>
        <option name="HOCON_SUBSTITUTION_SIGN" baseAttributes="DEFAULT_OPERATION_SIGN" />
        <option name="HTML_ATTRIBUTE_NAME">
            <value>
                <option name="FOREGROUND" value="b392f0" />
            </value>
        </option>
        <option name="HTML_ATTRIBUTE_VALUE">
            <value>
                <option name="FOREGROUND" value="9ecbff" />
            </value>
        </option>
        <option name="HTML_ENTITY_REFERENCE">
            <value>
                <option name="FOREGROUND" value="79b8ff" />
            </value>
        </option>
        <option name="HTML_TAG">
            <value>
                <option name="FOREGROUND" value="e1e4e8" />
            </value>
        </option>
        <option name="HTML_TAG_NAME">
            <value>
                <option name="FOREGROUND" value="85e89d" />
            </value>
        </option>
        <option name="HTTP_REQUEST_MULTIPART_BOUNDARY" baseAttributes="DEFAULT_DOC_COMMENT_TAG_VALUE" />
        <option name="HTTP_REQUEST_PARAMETER_NAME">
            <value>
                <option name="FOREGROUND" value="ffab70" />
            </value>
        </option>
        <option name="HTTP_REQUEST_PARAMETER_VALUE">
            <value>
                <option name="FOREGROUND" value="79b8ff" />
            </value>
        </option>
        <option name="HYPERLINK_ATTRIBUTES">
            <value>
                <option name="FOREGROUND" value="79b8ff" />
                <option name="EFFECT_COLOR" value="79b8ff" />
                <option name="EFFECT_TYPE" value="1" />
            </value>
        </option>
        <option name="DEFAULT_HIGHLIGHTED_REFERENCE">
            <value>
                <option name="BACKGROUND" value="2f363d" />
                <option name="EFFECT_TYPE" value="1" />
            </value>
        </option>
        <option name="IDENTIFIER_UNDER_CARET_ATTRIBUTES">
            <value>
                <option name="EFFECT_COLOR" value="17e5e6" />
            </value>
        </option>
        <option name="IGNORE$NEGATION">
            <value>
                <option name="FOREGROUND" value="ffffff" />
            </value>
        </option>
        <option name="IGNORE.BRACKET">
            <value>
                <option name="FONT_TYPE" value="1" />
            </value>
        </option>
        <option name="IGNORE.COMMENT">
            <value>
                <option name="FOREGROUND" value="959da5" />
            </value>
        </option>
        <option name="IGNORE.HEADER">
            <value>
                <option name="FOREGROUND" value="dbedff" />
                <option name="FONT_TYPE" value="1" />
            </value>
        </option>
        <option name="IGNORE.NEGATION">
            <value>
                <option name="FOREGROUND" value="f97583" />
            </value>
        </option>
        <option name="IGNORE.SECTION">
            <value>
                <option name="FOREGROUND" value="dbedff" />
            </value>
        </option>
        <option name="IGNORE.SLASH">
            <value>
                <option name="FOREGROUND" value="f97583" />
            </value>
        </option>
        <option name="IGNORE.SYNTAX">
            <value>
                <option name="FONT_TYPE" value="1" />
            </value>
        </option>
        <option name="IGNORE.VALUE">
            <value>
                <option name="FOREGROUND" value="fafbfc" />
            </value>
        </option>
        <option name="IMPLICIT_ANONYMOUS_CLASS_PARAMETER_ATTRIBUTES">
            <value>
                <option name="FOREGROUND" value="b392f0" />
            </value>
        </option>
        <option name="INACTIVE_HYPERLINK_ATTRIBUTES">
            <value>
                <option name="EFFECT_COLOR" value="959da5" />
                <option name="EFFECT_TYPE" value="1" />
            </value>
        </option>
        <option name="INDENT_RAINBOW_COLOR_1">
            <value>
                <option name="BACKGROUND" value="373b35" />
            </value>
        </option>
        <option name="INDENT_RAINBOW_COLOR_2">
            <value>
                <option name="BACKGROUND" value="2e3b39" />
            </value>
        </option>
        <option name="INDENT_RAINBOW_COLOR_3">
            <value>
                <option name="BACKGROUND" value="373242" />
            </value>
        </option>
        <option name="INDENT_RAINBOW_COLOR_4">
            <value>
                <option name="BACKGROUND" value="2b3a41" />
            </value>
        </option>
        <option name="INDENT_RAINBOW_ERROR">
            <value>
                <option name="BACKGROUND" value="43282e" />
            </value>
        </option>
        <option name="INFO_ATTRIBUTES">
            <value>
                <option name="EFFECT_COLOR" value="e1e4e8" />
                <option name="EFFECT_TYPE" value="2" />
            </value>
        </option>
        <option name="INJECTED_LANGUAGE_FRAGMENT">
            <value>
                <option name="BACKGROUND" value="2f363d" />
            </value>
        </option>
        <option name="INLINE_PARAMETER_HINT">
            <value>
                <option name="FOREGROUND" value="fafbfc" />
                <option name="BACKGROUND" value="444d56" />
            </value>
        </option>
        <option name="INLINE_PARAMETER_HINT_CURRENT">
            <value>
                <option name="FOREGROUND" value="ffffff" />
                <option name="BACKGROUND" value="f9826c" />
            </value>
        </option>
        <option name="INLINE_PARAMETER_HINT_HIGHLIGHTED">
            <value>
                <option name="FOREGROUND" value="d1d5da" />
                <option name="BACKGROUND" value="444d56" />
            </value>
        </option>
        <option name="INSTANCE_FIELD_ATTRIBUTES" baseAttributes="DEFAULT_INSTANCE_FIELD" />
        <option name="Instance property reference ID">
            <value>
                <option name="FOREGROUND" value="d1d5da" />
                <option name="BACKGROUND" value="24292e" />
            </value>
        </option>
        <option name="Interpolated String Injection" baseAttributes="DEFAULT_IDENTIFIER" />
        <option name="JADE_FILE_PATH" baseAttributes="DEFAULT_STRING" />
        <option name="JADE_FILTER_NAME" baseAttributes="DEFAULT_LABEL" />
        <option name="JADE_JS_BLOCK" baseAttributes="DEFAULT_IDENTIFIER" />
        <option name="JADE_STATEMENTS" baseAttributes="DEFAULT_KEYWORD" />
        <option name="JAVA.THIS_SUPER">
            <value>
                <option name="FOREGROUND" value="79b8ff" />
            </value>
        </option>
        <option name="JS.CONSOLE">
            <value>
                <option name="FOREGROUND" value="b392f0" />
            </value>
        </option>
        <option name="JS.GLOBAL_FUNCTION">
            <value>
                <option name="FOREGROUND" value="b392f0" />
                <option name="FONT_TYPE" value="2" />
            </value>
        </option>
        <option name="JS.GLOBAL_VARIABLE">
            <value>
                <option name="FOREGROUND" value="fafbfc" />
            </value>
        </option>
        <option name="JS.INSTANCE_MEMBER_FUNCTION">
            <value>
                <option name="FOREGROUND" value="b392f0" />
            </value>
        </option>
        <option name="JS.INSTANCE_MEMBER_VARIABLE">
            <value>
                <option name="FOREGROUND" value="fafbfc" />
            </value>
        </option>
        <option name="JS.LOCAL_VARIABLE">
            <value>
                <option name="FOREGROUND" value="fafbfc" />
            </value>
        </option>
        <option name="JS.MODULE_NAME">
            <value>
                <option name="FOREGROUND" value="b392f0" />
                <option name="FONT_TYPE" value="2" />
            </value>
        </option>
        <option name="JS.NULL_UNDEFINED">
            <value>
                <option name="FOREGROUND" value="79b8ff" />
            </value>
        </option>
        <option name="JS.PARAMETER" baseAttributes="DEFAULT_PARAMETER" />
        <option name="JS.REGEXP">
            <value>
                <option name="FOREGROUND" value="9ecbff" />
            </value>
        </option>
        <option name="JS.THIS_SUPER">
            <value>
                <option name="FOREGROUND" value="79b8ff" />
            </value>
        </option>
        <option name="JSP_SCRIPTING_BACKGROUND">
            <value />
        </option>
        <option name="KOTLIN_ANNOTATION">
            <value>
                <option name="FOREGROUND" value="f97583" />
            </value>
        </option>
        <option name="KOTLIN_ARROW">
            <value>
                <option name="FOREGROUND" value="f97583" />
            </value>
        </option>
        <option name="KOTLIN_CLOSURE_DEFAULT_PARAMETER">
            <value>
                <option name="FOREGROUND" value="ffab70" />
                <option name="FONT_TYPE" value="1" />
            </value>
        </option>
        <option name="KOTLIN_COLON">
            <value>
                <option name="FOREGROUND" value="f97583" />
            </value>
        </option>
        <option name="KOTLIN_DOUBLE_COLON">
            <value>
                <option name="FOREGROUND" value="f97583" />
            </value>
        </option>
        <option name="KOTLIN_DYNAMIC_FUNCTION_CALL">
            <value>
                <option name="FOREGROUND" value="b392f0" />
                <option name="FONT_TYPE" value="3" />
            </value>
        </option>
        <option name="KOTLIN_DYNAMIC_PROPERTY_CALL">
            <value>
                <option name="FOREGROUND" value="fafbfc" />
                <option name="FONT_TYPE" value="2" />
            </value>
        </option>
        <option name="KOTLIN_EXCLEXCL">
            <value>
                <option name="FOREGROUND" value="f97583" />
            </value>
        </option>
        <option name="KOTLIN_KEYWORD" baseAttributes="DEFAULT_KEYWORD" />
        <option name="KOTLIN_LABEL">
            <value>
                <option name="FOREGROUND" value="79b8ff" />
            </value>
        </option>
        <option name="KOTLIN_MUTABLE_VARIABLE">
            <value>
                <option name="EFFECT_COLOR" value="fafbfc" />
                <option name="EFFECT_TYPE" value="1" />
            </value>
        </option>
        <option name="KOTLIN_NAMED_ARGUMENT">
            <value>
                <option name="FOREGROUND" value="ffab70" />
            </value>
        </option>
        <option name="KOTLIN_PACKAGE_FUNCTION_CALL">
            <value>
                <option name="FOREGROUND" value="b392f0" />
                <option name="FONT_TYPE" value="2" />
            </value>
        </option>
        <option name="KOTLIN_QUEST">
            <value>
                <option name="FOREGROUND" value="f97583" />
            </value>
        </option>
        <option name="KOTLIN_SMART_CAST_RECEIVER">
            <value>
                <option name="BACKGROUND" value="2f363d" />
            </value>
        </option>
        <option name="KOTLIN_SMART_CAST_VALUE">
            <value>
                <option name="BACKGROUND" value="444d56" />
            </value>
        </option>
        <option name="KOTLIN_SMART_CONSTANT">
            <value>
                <option name="BACKGROUND" value="2f363d" />
            </value>
        </option>
        <option name="KOTLIN_STRING_ESCAPE">
            <value>
                <option name="FOREGROUND" value="9ecbff" />
            </value>
        </option>
        <option name="KOTLIN_TYPE_PARAMETER">
            <value>
                <option name="FOREGROUND" value="ffab70" />
            </value>
        </option>
        <option name="LINE_FULL_COVERAGE">
            <value>
                <option name="BACKGROUND" value="176f2c" />
            </value>
        </option>
        <option name="LINE_NONE_COVERAGE">
            <value>
                <option name="BACKGROUND" value="b31d28" />
            </value>
        </option>
        <option name="LINE_PARTIAL_COVERAGE">
            <value>
                <option name="BACKGROUND" value="44289" />
            </value>
        </option>
        <option name="LIVE_TEMPLATE_ATTRIBUTES">
            <value>
                <option name="FOREGROUND" value="d1d5da" />
                <option name="BACKGROUND" value="1c6569" />
            </value>
        </option>
        <option name="LIVE_TEMPLATE_INACTIVE_SEGMENT">
            <value>
                <option name="FOREGROUND" value="959da5" />
            </value>
        </option>
        <option name="LOG_DEBUG_OUTPUT">
            <value>
                <option name="FOREGROUND" value="85e89d" />
            </value>
        </option>
        <option name="LOG_ERROR_OUTPUT">
            <value>
                <option name="FOREGROUND" value="f97583" />
            </value>
        </option>
        <option name="LOG_EXPIRED_ENTRY">
            <value>
                <option name="FOREGROUND" value="959da5" />
            </value>
        </option>
        <option name="LOG_INFO_OUTPUT">
            <value>
                <option name="FOREGROUND" value="79b8ff" />
            </value>
        </option>
        <option name="LOG_VERBOSE_OUTPUT">
            <value>
                <option name="FOREGROUND" value="e1e4e8" />
            </value>
        </option>
        <option name="LOG_WARNING_OUTPUT">
            <value>
                <option name="FOREGROUND" value="ffab70" />
            </value>
        </option>
        <option name="List/map to object conversion">
            <value>
                <option name="FOREGROUND" value="79b8ff" />
            </value>
        </option>
        <option name="MAKO.SUBSTITUTION" baseAttributes="DEFAULT_TEMPLATE_LANGUAGE_COLOR" />
        <option name="MARKDOWN_BLOCK_QUOTE">
            <value>
                <option name="FOREGROUND" value="ffffff" />
                <option name="FONT_TYPE" value="2" />
            </value>
        </option>
        <option name="MARKDOWN_CODE_BLOCK">
            <value>
                <option name="FOREGROUND" value="ffffff" />
                <option name="BACKGROUND" value="2f363d" />
                <option name="FONT_TYPE" value="2" />
            </value>
        </option>
        <option name="MARKDOWN_CODE_FENCE">
            <value>
                <option name="FOREGROUND" value="ffffff" />
                <option name="BACKGROUND" value="2f363d" />
            </value>
        </option>
        <option name="MARKDOWN_CODE_SPAN">
            <value>
                <option name="BACKGROUND" value="2f363d" />
            </value>
        </option>
        <option name="MARKDOWN_HEADER_LEVEL_1">
            <value>
                <option name="FOREGROUND" value="ffffff" />
                <option name="FONT_TYPE" value="1" />
            </value>
        </option>
        <option name="MARKDOWN_HEADER_LEVEL_2">
            <value>
                <option name="FOREGROUND" value="ffffff" />
                <option name="FONT_TYPE" value="1" />
            </value>
        </option>
        <option name="MARKDOWN_HEADER_LEVEL_3">
            <value>
                <option name="FOREGROUND" value="ffffff" />
                <option name="FONT_TYPE" value="1" />
            </value>
        </option>
        <option name="MARKDOWN_HEADER_LEVEL_4">
            <value>
                <option name="FOREGROUND" value="ffffff" />
                <option name="FONT_TYPE" value="1" />
            </value>
        </option>
        <option name="MARKDOWN_HEADER_LEVEL_5">
            <value>
                <option name="FOREGROUND" value="ffffff" />
                <option name="FONT_TYPE" value="1" />
            </value>
        </option>
        <option name="MARKDOWN_HEADER_LEVEL_6">
            <value>
                <option name="FOREGROUND" value="ffffff" />
                <option name="FONT_TYPE" value="1" />
            </value>
        </option>
        <option name="MARKDOWN_LINK_DESTINATION">
            <value>
                <option name="FOREGROUND" value="79b8ff" />
                <option name="EFFECT_COLOR" value="79b8ff" />
                <option name="EFFECT_TYPE" value="1" />
            </value>
        </option>
        <option name="MARKDOWN_LINK_TEXT">
            <value>
                <option name="FOREGROUND" value="79b8ff" />
                <option name="EFFECT_TYPE" value="1" />
            </value>
        </option>
        <option name="MARKDOWN_NAVIGATOR.ABBREVIATED_TEXT">
            <value>
                <option name="EFFECT_COLOR" value="79b8ff" />
                <option name="EFFECT_TYPE" value="5" />
            </value>
        </option>
        <option name="MARKDOWN_NAVIGATOR.ABBREVIATION">
            <value>
                <option name="FOREGROUND" value="f97583" />
            </value>
        </option>
        <option name="MARKDOWN_NAVIGATOR.ABBREVIATION_EXPANDED_TEXT">
            <value>
                <option name="FONT_TYPE" value="2" />
            </value>
        </option>
        <option name="MARKDOWN_NAVIGATOR.ABBREVIATION_SHORT_TEXT">
            <value>
                <option name="FOREGROUND" value="79b8ff" />
            </value>
        </option>
        <option name="MARKDOWN_NAVIGATOR.ANCHOR">
            <value>
                <option name="BACKGROUND" value="2f363d" />
            </value>
        </option>
        <option name="MARKDOWN_NAVIGATOR.ANCHOR_ID">
            <value>
                <option name="FOREGROUND" value="ffab70" />
            </value>
        </option>
        <option name="MARKDOWN_NAVIGATOR.ATX_HEADER">
            <value>
                <option name="FOREGROUND" value="79b8ff" />
                <option name="FONT_TYPE" value="1" />
            </value>
        </option>
        <option name="MARKDOWN_NAVIGATOR.AUTO_LINK">
            <value>
                <option name="FOREGROUND" value="79b8ff" />
                <option name="EFFECT_COLOR" value="79b8ff" />
                <option name="EFFECT_TYPE" value="1" />
            </value>
        </option>
        <option name="MARKDOWN_NAVIGATOR.BOLD">
            <value>
                <option name="FOREGROUND" value="c8e1ff" />
                <option name="FONT_TYPE" value="1" />
            </value>
        </option>
        <option name="MARKDOWN_NAVIGATOR.BOLD_MARKER">
            <value>
                <option name="FOREGROUND" value="f97583" />
            </value>
        </option>
        <option name="MARKDOWN_NAVIGATOR.BULLET_LIST">
            <value>
                <option name="FOREGROUND" value="ffab70" />
                <option name="FONT_TYPE" value="1" />
            </value>
        </option>
        <option name="MARKDOWN_NAVIGATOR.CODE">
            <value>
                <option name="BACKGROUND" value="2f363d" />
            </value>
        </option>
        <option name="MARKDOWN_NAVIGATOR.CODE_MARKER">
            <value>
                <option name="FOREGROUND" value="f97583" />
            </value>
        </option>
        <option name="MARKDOWN_NAVIGATOR.DEFINITION_MARKER">
            <value>
                <option name="FOREGROUND" value="f97583" />
                <option name="FONT_TYPE" value="1" />
            </value>
        </option>
        <option name="MARKDOWN_NAVIGATOR.DEFINITION_TERM">
            <value>
                <option name="FOREGROUND" value="85e89d" />
                <option name="FONT_TYPE" value="1" />
            </value>
        </option>
        <option name="MARKDOWN_NAVIGATOR.EMOJI_ID">
            <value>
                <option name="FOREGROUND" value="c8e1ff" />
            </value>
        </option>
        <option name="MARKDOWN_NAVIGATOR.EMOJI_MARKER">
            <value>
                <option name="FOREGROUND" value="c8e1ff" />
            </value>
        </option>
        <option name="MARKDOWN_NAVIGATOR.EXPLICIT_LINK">
            <value>
                <option name="FOREGROUND" value="f97583" />
            </value>
        </option>
        <option name="MARKDOWN_NAVIGATOR.FOOTNOTE">
            <value />
        </option>
        <option name="MARKDOWN_NAVIGATOR.FOOTNOTE_ID">
            <value>
                <option name="FOREGROUND" value="79b8ff" />
            </value>
        </option>
        <option name="MARKDOWN_NAVIGATOR.FOOTNOTE_REF">
            <value />
        </option>
        <option name="MARKDOWN_NAVIGATOR.HEADER_TEXT">
            <value>
                <option name="FOREGROUND" value="79b8ff" />
                <option name="FONT_TYPE" value="1" />
                <option name="EFFECT_COLOR" value="79b8ff" />
                <option name="EFFECT_TYPE" value="1" />
            </value>
        </option>
        <option name="MARKDOWN_NAVIGATOR.HRULE">
            <value>
                <option name="FOREGROUND" value="79b8ff" />
                <option name="FONT_TYPE" value="1" />
            </value>
        </option>
        <option name="MARKDOWN_NAVIGATOR.HTML_BLOCK">
            <value>
                <option name="BACKGROUND" value="2f363d" />
            </value>
        </option>
        <option name="MARKDOWN_NAVIGATOR.IMAGE">
            <value>
                <option name="FOREGROUND" value="f97583" />
            </value>
        </option>
        <option name="MARKDOWN_NAVIGATOR.IMAGE_ALT_TEXT">
            <value>
                <option name="FOREGROUND" value="c8e1ff" />
            </value>
        </option>
        <option name="MARKDOWN_NAVIGATOR.IMAGE_LINK_REF">
            <value>
                <option name="FOREGROUND" value="79b8ff" />
                <option name="EFFECT_COLOR" value="79b8ff" />
                <option name="EFFECT_TYPE" value="1" />
            </value>
        </option>
        <option name="MARKDOWN_NAVIGATOR.IMAGE_LINK_REF_TITLE">
            <value>
                <option name="FOREGROUND" value="c8e1ff" />
            </value>
        </option>
        <option name="MARKDOWN_NAVIGATOR.INLINE_HTML">
            <value>
                <option name="BACKGROUND" value="2f363d" />
            </value>
        </option>
        <option name="MARKDOWN_NAVIGATOR.ITALIC">
            <value>
                <option name="FOREGROUND" value="c8e1ff" />
                <option name="FONT_TYPE" value="2" />
            </value>
        </option>
        <option name="MARKDOWN_NAVIGATOR.ITALIC_MARKER">
            <value>
                <option name="FOREGROUND" value="f97583" />
            </value>
        </option>
        <option name="MARKDOWN_NAVIGATOR.JEKYLL_FRONT_MATTER_BLOCK">
            <value>
                <option name="BACKGROUND" value="2f363d" />
            </value>
        </option>
        <option name="MARKDOWN_NAVIGATOR.JEKYLL_FRONT_MATTER_MARKER">
            <value>
                <option name="FOREGROUND" value="f97583" />
            </value>
        </option>
        <option name="MARKDOWN_NAVIGATOR.JEKYLL_TAG_MARKER">
            <value>
                <option name="FOREGROUND" value="85e89d" />
            </value>
        </option>
        <option name="MARKDOWN_NAVIGATOR.JEKYLL_TAG_NAME">
            <value>
                <option name="FOREGROUND" value="f97583" />
            </value>
        </option>
        <option name="MARKDOWN_NAVIGATOR.JEKYLL_TAG_PARAMETERS">
            <value>
                <option name="FOREGROUND" value="ffab70" />
                <option name="EFFECT_TYPE" value="1" />
            </value>
        </option>
        <option name="MARKDOWN_NAVIGATOR.LINE_BREAK_SPACES">
            <value>
                <option name="EFFECT_COLOR" value="f97583" />
                <option name="ERROR_STRIPE_COLOR" value="f97583" />
                <option name="EFFECT_TYPE" value="2" />
            </value>
        </option>
        <option name="MARKDOWN_NAVIGATOR.LINK_REF">
            <value>
                <option name="FOREGROUND" value="79b8ff" />
                <option name="EFFECT_COLOR" value="79b8ff" />
                <option name="EFFECT_TYPE" value="1" />
            </value>
        </option>
        <option name="MARKDOWN_NAVIGATOR.LINK_REF_ANCHOR">
            <value>
                <option name="FOREGROUND" value="f97583" />
                <option name="FONT_TYPE" value="1" />
                <option name="EFFECT_COLOR" value="f97583" />
                <option name="EFFECT_TYPE" value="1" />
            </value>
        </option>
        <option name="MARKDOWN_NAVIGATOR.LINK_REF_ANCHOR_MARKER">
            <value>
                <option name="FOREGROUND" value="f97583" />
            </value>
        </option>
        <option name="MARKDOWN_NAVIGATOR.LINK_REF_TITLE">
            <value>
                <option name="FOREGROUND" value="c8e1ff" />
            </value>
        </option>
        <option name="MARKDOWN_NAVIGATOR.MAIL_LINK">
            <value>
                <option name="FOREGROUND" value="79b8ff" />
                <option name="EFFECT_COLOR" value="79b8ff" />
                <option name="EFFECT_TYPE" value="1" />
            </value>
        </option>
        <option name="MARKDOWN_NAVIGATOR.ORDERED_LIST">
            <value>
                <option name="FOREGROUND" value="ffab70" />
                <option name="FONT_TYPE" value="1" />
            </value>
        </option>
        <option name="MARKDOWN_NAVIGATOR.QUOTE">
            <value>
                <option name="FOREGROUND" value="9ecbff" />
            </value>
        </option>
        <option name="MARKDOWN_NAVIGATOR.REFERENCE">
            <value />
        </option>
        <option name="MARKDOWN_NAVIGATOR.REFERENCE_ANCHOR">
            <value>
                <option name="FOREGROUND" value="f97583" />
                <option name="FONT_TYPE" value="1" />
                <option name="EFFECT_COLOR" value="f97583" />
                <option name="EFFECT_TYPE" value="1" />
            </value>
        </option>
        <option name="MARKDOWN_NAVIGATOR.REFERENCE_ANCHOR_MARKER">
            <value>
                <option name="FOREGROUND" value="79b8ff" />
            </value>
        </option>
        <option name="MARKDOWN_NAVIGATOR.REFERENCE_LINK_REF">
            <value>
                <option name="FOREGROUND" value="79b8ff" />
                <option name="EFFECT_COLOR" value="79b8ff" />
                <option name="EFFECT_TYPE" value="1" />
            </value>
        </option>
        <option name="MARKDOWN_NAVIGATOR.REFERENCE_TEXT">
            <value>
                <option name="FOREGROUND" value="79b8ff" />
            </value>
        </option>
        <option name="MARKDOWN_NAVIGATOR.REFERENCE_TITLE">
            <value>
                <option name="FOREGROUND" value="dbedff" />
            </value>
        </option>
        <option name="MARKDOWN_NAVIGATOR.SETEXT_HEADER">
            <value>
                <option name="FOREGROUND" value="959da5" />
                <option name="FONT_TYPE" value="1" />
            </value>
        </option>
        <option name="MARKDOWN_NAVIGATOR.SIM_TOC_TITLE">
            <value>
                <option name="FOREGROUND" value="dbedff" />
            </value>
        </option>
        <option name="MARKDOWN_NAVIGATOR.SMARTS">
            <value />
        </option>
        <option name="MARKDOWN_NAVIGATOR.SPECIAL_TEXT">
            <value>
                <option name="FOREGROUND" value="79b8ff" />
            </value>
        </option>
        <option name="MARKDOWN_NAVIGATOR.STRIKETHROUGH">
            <value>
                <option name="FOREGROUND" value="c8e1ff" />
                <option name="EFFECT_COLOR" value="f97583" />
                <option name="EFFECT_TYPE" value="3" />
            </value>
        </option>
        <option name="MARKDOWN_NAVIGATOR.STRIKETHROUGH_MARKER">
            <value>
                <option name="FOREGROUND" value="f97583" />
            </value>
        </option>
        <option name="MARKDOWN_NAVIGATOR.SUBSCRIPT">
            <value>
                <option name="FOREGROUND" value="c8e1ff" />
                <option name="EFFECT_COLOR" value="f97583" />
                <option name="EFFECT_TYPE" value="5" />
            </value>
        </option>
        <option name="MARKDOWN_NAVIGATOR.SUBSCRIPT_MARKER">
            <value>
                <option name="FOREGROUND" value="f97583" />
            </value>
        </option>
        <option name="MARKDOWN_NAVIGATOR.SUPERSCRIPT">
            <value>
                <option name="FOREGROUND" value="c8e1ff" />
                <option name="EFFECT_COLOR" value="f97583" />
                <option name="EFFECT_TYPE" value="4" />
            </value>
        </option>
        <option name="MARKDOWN_NAVIGATOR.SUPERSCRIPT_MARKER">
            <value>
                <option name="FOREGROUND" value="f97583" />
            </value>
        </option>
        <option name="MARKDOWN_NAVIGATOR.TABLE">
            <value />
        </option>
        <option name="MARKDOWN_NAVIGATOR.TABLE_CAPTION">
            <value>
                <option name="FOREGROUND" value="85e89d" />
                <option name="FONT_TYPE" value="1" />
            </value>
        </option>
        <option name="MARKDOWN_NAVIGATOR.TABLE_CAPTION_MARKER">
            <value>
                <option name="FOREGROUND" value="85e89d" />
                <option name="FONT_TYPE" value="1" />
            </value>
        </option>
        <option name="MARKDOWN_NAVIGATOR.TABLE_CELL_REVEN_CEVEN">
            <value>
                <option name="BACKGROUND" value="2f363d" />
            </value>
        </option>
        <option name="MARKDOWN_NAVIGATOR.TABLE_CELL_REVEN_CODD">
            <value>
                <option name="BACKGROUND" value="2f363d" />
            </value>
        </option>
        <option name="MARKDOWN_NAVIGATOR.TABLE_CELL_RODD_CEVEN">
            <value />
        </option>
        <option name="MARKDOWN_NAVIGATOR.TABLE_HDR_CELL_REVEN_CEVEN"
                baseAttributes="MARKDOWN_NAVIGATOR.TABLE_CELL_REVEN_CEVEN" />
        <option name="MARKDOWN_NAVIGATOR.TABLE_HDR_CELL_REVEN_CODD"
                baseAttributes="MARKDOWN_NAVIGATOR.TABLE_CELL_REVEN_CODD" />
        <option name="MARKDOWN_NAVIGATOR.TABLE_HDR_CELL_RODD_CEVEN"
                baseAttributes="MARKDOWN_NAVIGATOR.TABLE_CELL_RODD_CEVEN" />
        <option name="MARKDOWN_NAVIGATOR.TABLE_HDR_CELL_RODD_CODD"
                baseAttributes="MARKDOWN_NAVIGATOR.TABLE_CELL_RODD_CODD" />
        <option name="MARKDOWN_NAVIGATOR.TABLE_HDR_ROW_EVEN" baseAttributes="MARKDOWN_NAVIGATOR.TABLE_ROW_EVEN" />
        <option name="MARKDOWN_NAVIGATOR.TABLE_HDR_ROW_ODD" baseAttributes="MARKDOWN_NAVIGATOR.TABLE_ROW_ODD" />
        <option name="MARKDOWN_NAVIGATOR.TABLE_ROW_EVEN">
            <value>
                <option name="BACKGROUND" value="2f363d" />
            </value>
        </option>
        <option name="MARKDOWN_NAVIGATOR.TABLE_ROW_ODD">
            <value />
        </option>
        <option name="MARKDOWN_NAVIGATOR.TABLE_SEPARATOR">
            <value />
        </option>
        <option name="MARKDOWN_NAVIGATOR.TABLE_SEP_COLUMN_EVEN"
                baseAttributes="MARKDOWN_NAVIGATOR.TABLE_CELL_REVEN_CEVEN" />
        <option name="MARKDOWN_NAVIGATOR.TABLE_SEP_COLUMN_ODD"
                baseAttributes="MARKDOWN_NAVIGATOR.TABLE_CELL_REVEN_CODD" />
        <option name="MARKDOWN_NAVIGATOR.TASK_DONE_ITEM_MARKER">
            <value>
                <option name="FOREGROUND" value="b392f0" />
            </value>
        </option>
        <option name="MARKDOWN_NAVIGATOR.TASK_ITEM_MARKER">
            <value>
                <option name="FOREGROUND" value="b392f0" />
            </value>
        </option>
        <option name="MARKDOWN_NAVIGATOR.TEXT">
            <value />
        </option>
        <option name="MARKDOWN_NAVIGATOR.TOC">
            <value>
                <option name="FOREGROUND" value="f97583" />
            </value>
        </option>
        <option name="MARKDOWN_NAVIGATOR.TOC_MARKER">
            <value />
        </option>
        <option name="MARKDOWN_NAVIGATOR.TOC_OPTION">
            <value>
                <option name="FOREGROUND" value="b392f0" />
                <option name="FONT_TYPE" value="2" />
            </value>
        </option>
        <option name="MARKDOWN_NAVIGATOR.UNDERLINE">
            <value>
                <option name="FOREGROUND" value="c8e1ff" />
                <option name="EFFECT_COLOR" value="f97583" />
                <option name="EFFECT_TYPE" value="1" />
            </value>
        </option>
        <option name="MARKDOWN_NAVIGATOR.UNDERLINE_MARKER">
            <value>
                <option name="FOREGROUND" value="f97583" />
            </value>
        </option>
        <option name="MARKDOWN_NAVIGATOR.VERBATIM">
            <value>
                <option name="BACKGROUND" value="2f363d" />
            </value>
        </option>
        <option name="MARKDOWN_NAVIGATOR.VERBATIM_LANG">
            <value>
                <option name="FOREGROUND" value="79b8ff" />
                <option name="FONT_TYPE" value="2" />
            </value>
        </option>
        <option name="MARKDOWN_NAVIGATOR.VERBATIM_MARKER">
            <value>
                <option name="FOREGROUND" value="f97583" />
            </value>
        </option>
        <option name="MARKDOWN_NAVIGATOR.WIKI_LINK">
            <value />
        </option>
        <option name="MARKDOWN_NAVIGATOR.WIKI_LINK_REF">
            <value>
                <option name="FOREGROUND" value="f97583" />
            </value>
        </option>
        <option name="MARKDOWN_NAVIGATOR.WIKI_LINK_REF_ANCHOR">
            <value>
                <option name="FOREGROUND" value="ffab70" />
            </value>
        </option>
        <option name="MARKDOWN_NAVIGATOR.WIKI_LINK_REF_ANCHOR_MARKER">
            <value>
                <option name="FOREGROUND" value="79b8ff" />
            </value>
        </option>
        <option name="MARKDOWN_NAVIGATOR.WIKI_LINK_SEPARATOR">
            <value />
        </option>
        <option name="MARKDOWN_NAVIGATOR.WIKI_LINK_TEXT">
            <value>
                <option name="FOREGROUND" value="79b8ff" />
            </value>
        </option>
        <option name="MARKDOWN_TABLE_SEPARATOR">
            <value>
                <option name="FOREGROUND" value="d1d5da" />
            </value>
        </option>
        <option name="MARKED_FOR_REMOVAL_ATTRIBUTES">
            <value>
                <option name="FOREGROUND" value="6a737d" />
                <option name="EFFECT_COLOR" value="6a737d" />
                <option name="EFFECT_TYPE" value="3" />
            </value>
        </option>
        <option name="MATCHED_BRACE_ATTRIBUTES">
            <value>
                <option name="BACKGROUND" value="1c6569" />
                <option name="EFFECT_TYPE" value="4" />
            </value>
        </option>
        <option name="NOT_TOP_FRAME_ATTRIBUTES">
            <value>
                <option name="BACKGROUND" value="2f363d" />
            </value>
        </option>
        <option name="NOT_USED_ELEMENT_ATTRIBUTES">
            <value>
                <option name="FOREGROUND" value="959da5" />
            </value>
        </option>
        <option name="OC.CLASS_REFERENCE">
            <value>
                <option name="FOREGROUND" value="b392f0" />
            </value>
        </option>
        <option name="OC.CONDITIONALLY_NOT_COMPILED">
            <value>
                <option name="BACKGROUND" value="444d56" />
            </value>
        </option>
        <option name="OC.MACRONAME">
            <value>
                <option name="FOREGROUND" value="b392f0" />
                <option name="FONT_TYPE" value="1" />
            </value>
        </option>
        <option name="OC.MACRO_PARAMETER">
            <value>
                <option name="FOREGROUND" value="79b8ff" />
                <option name="FONT_TYPE" value="1" />
            </value>
        </option>
        <option name="OC.MESSAGE_ARGUMENT" baseAttributes="DEFAULT_FUNCTION_CALL" />
        <option name="OC.METHOD_DECLARATION" baseAttributes="DEFAULT_FUNCTION_DECLARATION" />
        <option name="OC.OVERLOADED_OPERATOR">
            <value>
                <option name="FOREGROUND" value="f97583" />
            </value>
        </option>
        <option name="OC.PROTOCOL_REFERENCE">
            <value>
                <option name="FOREGROUND" value="b392f0" />
            </value>
        </option>
        <option name="OC.SELFSUPERTHIS">
            <value>
                <option name="FOREGROUND" value="79b8ff" />
            </value>
        </option>
        <option name="OC.STRUCT_FIELD">
            <value />
        </option>
        <option name="OC.STRUCT_LIKE">
            <value>
                <option name="FOREGROUND" value="b392f0" />
            </value>
        </option>
        <option name="OC.TYPEDEF">
            <value>
                <option name="FOREGROUND" value="79b8ff" />
            </value>
        </option>
        <option name="PERL_ARRAY" baseAttributes="DEFAULT_IDENTIFIER" />
        <option name="PERL_ARRAY_BUILTIN" baseAttributes="PERL_ARRAY" />
        <option name="PERL_DQ_STRING" baseAttributes="DEFAULT_STRING" />
        <option name="PERL_DX_STRING" baseAttributes="DEFAULT_STRING" />
        <option name="PERL_EMBED_MARKER" baseAttributes="DEFAULT_TEMPLATE_LANGUAGE_COLOR" />
        <option name="PERL_GLOB" baseAttributes="DEFAULT_IDENTIFIER" />
        <option name="PERL_GLOB_BUILTIN" baseAttributes="PERL_GLOB" />
        <option name="PERL_HASH" baseAttributes="DEFAULT_IDENTIFIER" />
        <option name="PERL_HASH_BUILTIN" baseAttributes="PERL_HASH" />
        <option name="PERL_LABEL" baseAttributes="DEFAULT_IDENTIFIER" />
        <option name="PERL_NUMBER" baseAttributes="DEFAULT_NUMBER" />
        <option name="PERL_PACKAGE" baseAttributes="DEFAULT_CLASS_NAME" />
        <option name="PERL_PACKAGE_CORE" baseAttributes="PERL_PACKAGE" />
        <option name="PERL_PACKAGE_PRAGMA" baseAttributes="PERL_PACKAGE" />
        <option name="PERL_REGEX_TOKEN" baseAttributes="DEFAULT_STRING" />
        <option name="PERL_SCALAR" baseAttributes="DEFAULT_IDENTIFIER" />
        <option name="PERL_SCALAR_BUILTIN" baseAttributes="PERL_SCALAR" />
        <option name="PERL_SQ_STRING" baseAttributes="DEFAULT_STRING" />
        <option name="PERL_SUB" baseAttributes="DEFAULT_FUNCTION_CALL" />
        <option name="PERL_SUB_BUILTIN" baseAttributes="PERL_SUB" />
        <option name="PERL_SUB_DEFINITION" baseAttributes="DEFAULT_FUNCTION_DECLARATION" />
        <option name="PERL_VERSION" baseAttributes="PERL_NUMBER" />
        <option name="PERL_XSUB" baseAttributes="PERL_SUB" />
        <option name="PHP_ALIAS_REFERENCE">
            <value>
                <option name="FOREGROUND" value="b392f0" />
            </value>
        </option>
        <option name="PHP_CLASS">
            <value>
                <option name="FOREGROUND" value="b392f0" />
            </value>
        </option>
        <option name="PHP_CONSTANT">
            <value>
                <option name="FOREGROUND" value="79b8ff" />
            </value>
        </option>
        <option name="PHP_EXEC_COMMAND_ID">
            <value>
                <option name="FOREGROUND" value="dbedff" />
            </value>
        </option>
        <option name="PHP_FUNCTION">
            <value>
                <option name="FOREGROUND" value="b392f0" />
            </value>
        </option>
        <option name="PHP_FUNCTION_CALL">
            <value>
                <option name="FOREGROUND" value="b392f0" />
            </value>
        </option>
        <option name="PHP_INSTANCE_FIELD">
            <value>
                <option name="FOREGROUND" value="fafbfc" />
            </value>
        </option>
        <option name="PHP_INSTANCE_METHOD">
            <value>
                <option name="FOREGROUND" value="b392f0" />
            </value>
        </option>
        <option name="PHP_INTERFACE">
            <value>
                <option name="FOREGROUND" value="b392f0" />
                <option name="FONT_TYPE" value="2" />
            </value>
        </option>
        <option name="PHP_KEYWORD">
            <value>
                <option name="FOREGROUND" value="f97583" />
            </value>
        </option>
        <option name="PHP_NUMBER">
            <value>
                <option name="FOREGROUND" value="79b8ff" />
            </value>
        </option>
        <option name="PHP_PARAMETER">
            <value>
                <option name="FOREGROUND" value="ffab70" />
            </value>
        </option>
        <option name="PHP_PREDEFINED SYMBOL">
            <value>
                <option name="FOREGROUND" value="79b8ff" />
            </value>
        </option>
        <option name="PHP_SCRIPTING_BACKGROUND">
            <value />
        </option>
        <option name="PHP_STATIC_FIELD">
            <value>
                <option name="FOREGROUND" value="fafbfc" />
                <option name="FONT_TYPE" value="2" />
            </value>
        </option>
        <option name="PHP_STATIC_METHOD">
            <value>
                <option name="FOREGROUND" value="b392f0" />
                <option name="FONT_TYPE" value="2" />
            </value>
        </option>
        <option name="PHP_VAR">
            <value>
                <option name="FOREGROUND" value="fafbfc" />
            </value>
        </option>
        <option name="POD_CODE" baseAttributes="DEFAULT_DOC_COMMENT" />
        <option name="POD_TAG" baseAttributes="DEFAULT_DOC_COMMENT_TAG" />
        <option name="PROPERTIES.INVALID_STRING_ESCAPE" baseAttributes="DEFAULT_INVALID_STRING_ESCAPE" />
        <option name="PROPERTIES.KEY" baseAttributes="DEFAULT_KEYWORD" />
        <option name="PROPERTIES.KEY_VALUE_SEPARATOR" baseAttributes="DEFAULT_OPERATION_SIGN" />
        <option name="PROPERTIES.VALID_STRING_ESCAPE" baseAttributes="DEFAULT_VALID_STRING_ESCAPE" />
        <option name="PUPPET_HEREDOC_TAGS" baseAttributes="DEFAULT_IDENTIFIER" />
        <option name="PY$DECORATOR">
            <value>
                <option name="FOREGROUND" value="cd3948" />
            </value>
        </option>
        <option name="PY$PARAMETER">
            <value>
                <option name="FOREGROUND" value="ffffff" />
            </value>
        </option>
        <option name="PY$SELF_PARAMETER">
            <value>
                <option name="FOREGROUND" value="7f7f7f" />
            </value>
        </option>
        <option name="PY.DECORATOR">
            <value>
                <option name="FOREGROUND" value="f97583" />
            </value>
        </option>
        <option name="PY.KEYWORD">
            <value>
                <option name="FOREGROUND" value="f97583" />
            </value>
        </option>
        <option name="PY.KEYWORD_ARGUMENT">
            <value>
                <option name="FOREGROUND" value="ffab70" />
            </value>
        </option>
        <option name="PY.PREDEFINED_DEFINITION">
            <value>
                <option name="FOREGROUND" value="79b8ff" />
            </value>
        </option>
        <option name="PY.PREDEFINED_USAGE">
            <value>
                <option name="FOREGROUND" value="79b8ff" />
            </value>
        </option>
        <option name="PY.SELF_PARAMETER">
            <value>
                <option name="FOREGROUND" value="dbedff" />
                <option name="FONT_TYPE" value="2" />
            </value>
        </option>
        <option name="PY.STRING.B">
            <value>
                <option name="FOREGROUND" value="dbedff" />
            </value>
        </option>
        <option name="RDOC_DIRECTIVE">
            <value>
                <option name="FOREGROUND" value="b392f0" />
            </value>
        </option>
        <option name="RDOC_EMAIL">
            <value>
                <option name="FOREGROUND" value="dbedff" />
            </value>
        </option>
        <option name="RDOC_HEADINGS">
            <value>
                <option name="FOREGROUND" value="79b8ff" />
                <option name="FONT_TYPE" value="1" />
            </value>
        </option>
        <option name="RDOC_KEYWORD">
            <value>
                <option name="FOREGROUND" value="f97583" />
            </value>
        </option>
        <option name="RDOC_URL">
            <value>
                <option name="FOREGROUND" value="79b8ff" />
            </value>
        </option>
        <option name="REASONML_OPTION">
            <value>
                <option name="FOREGROUND" value="79b8ff" />
                <option name="FONT_TYPE" value="1" />
            </value>
        </option>
        <option name="REGEXP.BRACES" baseAttributes="DEFAULT_BRACES" />
        <option name="REGEXP.BRACKETS" baseAttributes="DEFAULT_BRACKETS" />
        <option name="REGEXP.CHAR_CLASS" baseAttributes="DEFAULT_ENTITY" />
        <option name="REGEXP.ESC_CHARACTER" baseAttributes="DEFAULT_VALID_STRING_ESCAPE" />
        <option name="REGEXP.META" baseAttributes="DEFAULT_KEYWORD" />
        <option name="REGEXP.PARENTHS" baseAttributes="DEFAULT_PARENTHS" />
        <option name="REGEXP.QUOTE_CHARACTER" baseAttributes="DEFAULT_VALID_STRING_ESCAPE" />
        <option name="REGEXP.REDUNDANT_ESCAPE" baseAttributes="DEFAULT_VALID_STRING_ESCAPE" />
        <option name="REGEXP_MATCHED_GROUPS">
            <value>
                <option name="BACKGROUND" value="2f363d" />
            </value>
        </option>
        <option name="REST$FIXED">
            <value>
                <option name="BACKGROUND" value="2f363d" />
            </value>
        </option>
        <option name="REST$INTERPRETED">
            <value>
                <option name="BACKGROUND" value="2f363d" />
            </value>
        </option>
        <option name="RHTML_EXPRESSION_END_ID" baseAttributes="XML_TAG_NAME" />
        <option name="RHTML_EXPRESSION_START_ID" baseAttributes="XML_TAG_NAME" />
        <option name="RHTML_OMIT_NEW_LINE_ID" baseAttributes="XML_ATTRIBUTE_NAME" />
        <option name="RHTML_SCRIPTING_BACKGROUND_ID" baseAttributes="XML_TAG_NAME" />
        <option name="RHTML_SCRIPTLET_END_ID" baseAttributes="XML_TAG_NAME" />
        <option name="RHTML_SCRIPTLET_START_ID" baseAttributes="XML_TAG_NAME" />
        <option name="RH_RETURN_KEYWORD" baseAttributes="DEFAULT_TEMPLATE_LANGUAGE_COLOR" />
        <option name="ROUND_BRACKETS_RAINBOW_COLOR0">
            <value>
                <option name="FOREGROUND" value="f97583" />
            </value>
        </option>
        <option name="ROUND_BRACKETS_RAINBOW_COLOR1">
            <value>
                <option name="FOREGROUND" value="ffab70" />
            </value>
        </option>
        <option name="ROUND_BRACKETS_RAINBOW_COLOR2">
            <value>
                <option name="FOREGROUND" value="79b8ff" />
            </value>
        </option>
        <option name="ROUND_BRACKETS_RAINBOW_COLOR3">
            <value>
                <option name="FOREGROUND" value="b392f0" />
            </value>
        </option>
        <option name="ROUND_BRACKETS_RAINBOW_COLOR4">
            <value>
                <option name="FOREGROUND" value="dbedff" />
            </value>
        </option>
        <option name="RUBY_COMMENT">
            <value>
                <option name="FOREGROUND" value="959da5" />
                <option name="FONT_TYPE" value="2" />
            </value>
        </option>
        <option name="RUBY_CONSTANT">
            <value>
                <option name="FOREGROUND" value="79b8ff" />
            </value>
        </option>
        <option name="RUBY_CONSTANT_DECLARATION">
            <value>
                <option name="FOREGROUND" value="b392f0" />
            </value>
        </option>
        <option name="RUBY_CVAR">
            <value>
                <option name="FOREGROUND" value="79b8ff" />
                <option name="FONT_TYPE" value="2" />
            </value>
        </option>
        <option name="RUBY_ESCAPE_SEQUENCE">
            <value>
                <option name="FOREGROUND" value="79b8ff" />
            </value>
        </option>
        <option name="RUBY_EXPR_IN_STRING">
            <value />
        </option>
        <option name="RUBY_GVAR">
            <value>
                <option name="FOREGROUND" value="79b8ff" />
            </value>
        </option>
        <option name="RUBY_HASH_ASSOC">
            <value>
                <option name="FOREGROUND" value="f97583" />
            </value>
        </option>
        <option name="RUBY_HEREDOC_CONTENT">
            <value>
                <option name="FOREGROUND" value="fafbfc" />
                <option name="BACKGROUND" value="2f363d" />
            </value>
        </option>
        <option name="RUBY_HEREDOC_ID">
            <value>
                <option name="FOREGROUND" value="b392f0" />
                <option name="FONT_TYPE" value="1" />
            </value>
        </option>
        <option name="RUBY_INVALID_ESCAPE_SEQUENCE">
            <value>
                <option name="EFFECT_COLOR" value="f97583" />
                <option name="ERROR_STRIPE_COLOR" value="f97583" />
                <option name="EFFECT_TYPE" value="2" />
            </value>
        </option>
        <option name="RUBY_IVAR">
            <value>
                <option name="FOREGROUND" value="79b8ff" />
            </value>
        </option>
        <option name="RUBY_LINE_CONTINUATION">
            <value />
        </option>
        <option name="RUBY_LOCAL_VAR_ID">
            <value>
                <option name="FOREGROUND" value="fafbfc" />
            </value>
        </option>
        <option name="RUBY_METHOD_NAME">
            <value>
                <option name="FOREGROUND" value="b392f0" />
            </value>
        </option>
        <option name="RUBY_NTH_REF">
            <value>
                <option name="FOREGROUND" value="79b8ff" />
            </value>
        </option>
        <option name="RUBY_NUMBER">
            <value>
                <option name="FOREGROUND" value="79b8ff" />
            </value>
        </option>
        <option name="RUBY_PARAMDEF_CALL">
            <value>
                <option name="FOREGROUND" value="f97583" />
                <option name="FONT_TYPE" value="2" />
            </value>
        </option>
        <option name="RUBY_PARAMETER_ID">
            <value>
                <option name="FOREGROUND" value="ffab70" />
            </value>
        </option>
        <option name="RUBY_REGEXP">
            <value>
                <option name="BACKGROUND" value="444d56" />
            </value>
        </option>
        <option name="RUBY_SPECIFIC_CALL">
            <value>
                <option name="FOREGROUND" value="f97583" />
                <option name="FONT_TYPE" value="2" />
            </value>
        </option>
        <option name="RUBY_SYMBOL">
            <value>
                <option name="FOREGROUND" value="79b8ff" />
            </value>
        </option>
        <option name="RUBY_WORDS">
            <value>
                <option name="FOREGROUND" value="dbedff" />
            </value>
        </option>
        <option name="RUNTIME_ERROR">
            <value>
                <option name="EFFECT_COLOR" value="f97583" />
                <option name="ERROR_STRIPE_COLOR" value="f97583" />
                <option name="EFFECT_TYPE" value="2" />
            </value>
        </option>
        <option name="SASS_COMMENT" baseAttributes="CSS.COMMENT" />
        <option name="SASS_MIXIN">
            <value>
                <option name="FOREGROUND" value="b392f0" />
                <option name="FONT_TYPE" value="1" />
            </value>
        </option>
        <option name="SASS_VARIABLE" baseAttributes="DEFAULT_INSTANCE_FIELD" />
        <option name="SEARCH_RESULT_ATTRIBUTES">
            <value>
                <option name="BACKGROUND" value="4d4523" />
            </value>
        </option>
        <option name="SLIM_FILTER" baseAttributes="DEFAULT_LABEL" />
        <option name="SLIM_FILTER_CONTENT" baseAttributes="DEFAULT_TEMPLATE_LANGUAGE_COLOR" />
        <option name="SLIM_ID" baseAttributes="CSS.HASH" />
        <option name="SLIM_RUBY_CODE" baseAttributes="DEFAULT_TEMPLATE_LANGUAGE_COLOR" />
        <option name="SLIM_TAG">
            <value>
                <option name="FOREGROUND" value="85e89d" />
            </value>
        </option>
        <option name="SMARTY_BACKGROUND">
            <value />
        </option>
        <option name="SPEL.BACKGROUND">
            <value />
        </option>
        <option name="SQL_OUTER_QUERY_COLUMN" baseAttributes="SQL_COLUMN" />
        <option name="SQUARE_BRACKETS_RAINBOW_COLOR0">
            <value>
                <option name="FOREGROUND" value="f97583" />
            </value>
        </option>
        <option name="SQUARE_BRACKETS_RAINBOW_COLOR1">
            <value>
                <option name="FOREGROUND" value="ffab70" />
            </value>
        </option>
        <option name="SQUARE_BRACKETS_RAINBOW_COLOR2">
            <value>
                <option name="FOREGROUND" value="79b8ff" />
            </value>
        </option>
        <option name="SQUARE_BRACKETS_RAINBOW_COLOR3">
            <value>
                <option name="FOREGROUND" value="b392f0" />
            </value>
        </option>
        <option name="SQUARE_BRACKETS_RAINBOW_COLOR4">
            <value>
                <option name="FOREGROUND" value="dbedff" />
            </value>
        </option>
        <option name="SQUIGGLY_BRACKETS_RAINBOW_COLOR0">
            <value>
                <option name="FOREGROUND" value="f97583" />
            </value>
        </option>
        <option name="SQUIGGLY_BRACKETS_RAINBOW_COLOR1">
            <value>
                <option name="FOREGROUND" value="ffab70" />
            </value>
        </option>
        <option name="SQUIGGLY_BRACKETS_RAINBOW_COLOR2">
            <value>
                <option name="FOREGROUND" value="79b8ff" />
            </value>
        </option>
        <option name="SQUIGGLY_BRACKETS_RAINBOW_COLOR3">
            <value>
                <option name="FOREGROUND" value="b392f0" />
            </value>
        </option>
        <option name="SQUIGGLY_BRACKETS_RAINBOW_COLOR4">
            <value>
                <option name="FOREGROUND" value="dbedff" />
            </value>
        </option>
        <option name="STATIC_FIELD_ATTRIBUTES" baseAttributes="DEFAULT_STATIC_FIELD" />
        <option name="STATIC_FINAL_FIELD_ATTRIBUTES">
            <value>
                <option name="FOREGROUND" value="79b8ff" />
                <option name="FONT_TYPE" value="2" />
            </value>
        </option>
        <option name="STATIC_METHOD_ATTRIBUTES">
            <value>
                <option name="FOREGROUND" value="b392f0" />
                <option name="FONT_TYPE" value="2" />
            </value>
        </option>
        <option name="SWIFT_SELF_SUPER_KEYWORD">
            <value>
                <option name="FOREGROUND" value="79b8ff" />
            </value>
        </option>
        <option name="Static method access">
            <value>
                <option name="FOREGROUND" value="b392f0" />
                <option name="FONT_TYPE" value="2" />
            </value>
        </option>
        <option name="Static property reference ID">
            <value>
                <option name="FOREGROUND" value="79b8ff" />
                <option name="FONT_TYPE" value="2" />
            </value>
        </option>
        <option name="TAB_SELECTED">
            <value>
                <option name="FOREGROUND" value="fafbfc" />
                <option name="BACKGROUND" value="24292e" />
            </value>
        </option>
        <option name="TAB_SELECTED_INACTIVE">
            <value>
                <option name="FOREGROUND" value="959da5" />
                <option name="BACKGROUND" value="1f2428" />
            </value>
        </option>
        <option name="TEMPLATE_VARIABLE_ATTRIBUTES">
            <value>
                <option name="FOREGROUND" value="79b8ff" />
            </value>
        </option>
        <option name="TEXT">
            <value>
                <option name="FOREGROUND" value="d1d5da" />
                <option name="BACKGROUND" value="24292e" />
            </value>
        </option>
        <option name="TEXT_SEARCH_RESULT_ATTRIBUTES">
            <value>
                <option name="BACKGROUND" value="4d4523" />
            </value>
        </option>
        <option name="TODO_DEFAULT_ATTRIBUTES">
            <value>
                <option name="FOREGROUND" value="79b8ff" />
                <option name="FONT_TYPE" value="1" />
                <option name="ERROR_STRIPE_COLOR" value="79b8ff" />
            </value>
        </option>
        <option name="TS.MODULE_NAME">
            <value>
                <option name="FOREGROUND" value="b392f0" />
                <option name="FONT_TYPE" value="2" />
            </value>
        </option>
        <option name="TS.TYPE_GUARD">
            <value>
                <option name="BACKGROUND" value="444d56" />
            </value>
        </option>
        <option name="TWIG_BACKGROUND">
            <value />
        </option>
        <option name="TWIG_IDENTIFIER">
            <value>
                <option name="FOREGROUND" value="79b8ff" />
            </value>
        </option>
        <option name="TYPE_PARAMETER_NAME_ATTRIBUTES">
            <value>
                <option name="FOREGROUND" value="ffab70" />
            </value>
        </option>
        <option name="TYPO">
            <value>
                <option name="EFFECT_COLOR" value="85e89d" />
                <option name="EFFECT_TYPE" value="2" />
            </value>
        </option>
        <option name="UNMATCHED_BRACE_ATTRIBUTES">
            <value>
                <option name="BACKGROUND" value="ea4a5a" />
            </value>
        </option>
        <option name="Unresolved reference access">
            <value>
                <option name="FOREGROUND" value="d1d5da" />
                <option name="EFFECT_COLOR" value="d1d5da" />
                <option name="EFFECT_TYPE" value="5" />
            </value>
        </option>
        <option name="Unused entry">
            <value>
                <option name="FOREGROUND" value="d1d5da" />
                <option name="FONT_TYPE" value="2" />
            </value>
        </option>
        <option name="WARNING_ATTRIBUTES">
            <value>
                <option name="EFFECT_COLOR" value="ffd1ac" />
                <option name="ERROR_STRIPE_COLOR" value="ffd1ac" />
                <option name="EFFECT_TYPE" value="2" />
            </value>
        </option>
        <option name="WRITE_IDENTIFIER_UNDER_CARET_ATTRIBUTES">
            <value>
                <option name="EFFECT_COLOR" value="17e5e6" />
            </value>
        </option>
        <option name="WRITE_SEARCH_RESULT_ATTRIBUTES">
            <value>
                <option name="BACKGROUND" value="4d4523" />
            </value>
        </option>
        <option name="WRONG_REFERENCES_ATTRIBUTES">
            <value>
                <option name="EFFECT_COLOR" value="f97583" />
                <option name="ERROR_STRIPE_COLOR" value="f97583" />
                <option name="EFFECT_TYPE" value="1" />

            </value>
        </option>
        <option name="XML_ATTRIBUTE_NAME" baseAttributes="DEFAULT_ATTRIBUTE" />
        <option name="XML_ENTITY_REFERENCE" baseAttributes="DEFAULT_ENTITY" />
        <option name="XML_PROLOGUE" baseAttributes="TEXT" />
        <option name="XML_TAG">
            <value>
                <option name="FOREGROUND" value="e1e4e8" />
            </value>
        </option>
        <option name="XML_TAG_DATA" baseAttributes="TEXT" />
        <option name="XML_TAG_NAME">
            <value>
                <option name="FOREGROUND" value="85e89d" />
            </value>
        </option>
        <option name="XSLT_DIRECTIVE">
            <value />
        </option>
        <option name="YAML_ANCHOR" baseAttributes="DEFAULT_IDENTIFIER" />
        <option name="com.plan9.INSTRUCTION" baseAttributes="DEFAULT_PREDEFINED_SYMBOL" />
        <option name="com.plan9.LABEL" baseAttributes="DEFAULT_LABEL" />
        <option name="org.elm.ARROW" baseAttributes="DEFAULT_OPERATION_SIGN" />
        <option name="org.elm.BRACES" baseAttributes="DEFAULT_BRACES" />
        <option name="org.elm.BRACKETS" baseAttributes="DEFAULT_BRACKETS" />
        <option name="org.elm.COMMA" baseAttributes="DEFAULT_COMMA" />
        <option name="org.elm.DEFINITION_NAME" baseAttributes="DEFAULT_FUNCTION_DECLARATION" />
        <option name="org.elm.EQ" baseAttributes="DEFAULT_OPERATION_SIGN" />
        <option name="org.elm.OPERATOR" baseAttributes="DEFAULT_OPERATION_SIGN" />
        <option name="org.elm.PARENTHESIS" baseAttributes="DEFAULT_PARENTHS" />
        <option name="org.elm.PIPE" baseAttributes="DEFAULT_OPERATION_SIGN" />
        <option name="org.elm.TYPE" baseAttributes="DEFAULT_CLASS_NAME" />
        <option name="org.elm.TYPE_ANNOTATION_NAME" baseAttributes="DEFAULT_FUNCTION_DECLARATION" />
        <option name="org.elm.TYPE_ANNOTATION_SIGNATURE_TYPES" baseAttributes="DEFAULT_CLASS_REFERENCE" />
        <option name="org.rust.DOC_CODE" baseAttributes="DEFAULT_DOC_MARKUP" />
        <option name="org.rust.LIFETIME">
            <value>
                <option name="FOREGROUND" value="ffab70" />
                <option name="FONT_TYPE" value="2" />
            </value>
        </option>
        <option name="org.rust.MACRO">
            <value>
                <option name="FOREGROUND" value="b392f0" />
            </value>
        </option>
        <option name="org.rust.MUT_BINDING" baseAttributes="DEFAULT_IDENTIFIER" />
        <option name="org.rust.MUT_PARAMETER" baseAttributes="DEFAULT_PARAMETER" />
        <option name="org.rust.TYPE_PARAMETER">
            <value>
                <option name="FOREGROUND" value="79b8ff" />
            </value>
        </option>
        <option name="org.rust.UNSAFE_CODE">
            <value>
                <option name="EFFECT_COLOR" value="f97583" />
                <option name="EFFECT_TYPE" value="2" />
            </value>
        </option>
    </attributes>
</scheme>
